{
  "target": "tipo_vino_rec",
  "model": "DecisionTreeClassifier",
  "accuracy": 0.664,
  "f1_macro": 0.6620020056832593,
  "classification_report": {
    "afrutado": {
      "precision": 0.5689655172413793,
      "recall": 0.66,
      "f1-score": 0.6111111111111112,
      "support": 200.0
    },
    "bajo en acidez": {
      "precision": 0.7081339712918661,
      "recall": 0.74,
      "f1-score": 0.7237163814180929,
      "support": 200.0
    },
    "dulce": {
      "precision": 0.5523809523809524,
      "recall": 0.58,
      "f1-score": 0.5658536585365853,
      "support": 200.0
    },
    "espumoso": {
      "precision": 0.8423645320197044,
      "recall": 0.855,
      "f1-score": 0.8486352357320099,
      "support": 200.0
    },
    "seco": {
      "precision": 0.6643835616438356,
      "recall": 0.485,
      "f1-score": 0.5606936416184971,
      "support": 200.0
    },
    "accuracy": 0.664,
    "macro avg": {
      "precision": 0.6672457069155475,
      "recall": 0.6639999999999999,
      "f1-score": 0.6620020056832593,
      "support": 1000.0
    },
    "weighted avg": {
      "precision": 0.6672457069155475,
      "recall": 0.664,
      "f1-score": 0.6620020056832593,
      "support": 1000.0
    }
  }
}