{
  "target": "tipo_vino_rec",
  "model": "DecisionTreeClassifier",
  "n_rows": 1000,
  "accuracy": 0.485,
  "f1_macro": 0.4814696107091458,
  "classification_report": {
    "afrutado": {
      "precision": 0.42,
      "recall": 0.525,
      "f1-score": 0.4666666666666667,
      "support": 40.0
    },
    "bajo en acidez": {
      "precision": 0.5111111111111111,
      "recall": 0.575,
      "f1-score": 0.5411764705882353,
      "support": 40.0
    },
    "dulce": {
      "precision": 0.28205128205128205,
      "recall": 0.275,
      "f1-score": 0.27848101265822783,
      "support": 40.0
    },
    "espumoso": {
      "precision": 0.8648648648648649,
      "recall": 0.8,
      "f1-score": 0.8311688311688312,
      "support": 40.0
    },
    "seco": {
      "precision": 0.3448275862068966,
      "recall": 0.25,
      "f1-score": 0.2898550724637681,
      "support": 40.0
    },
    "accuracy": 0.485,
    "macro avg": {
      "precision": 0.48457096884683093,
      "recall": 0.485,
      "f1-score": 0.4814696107091458,
      "support": 200.0
    },
    "weighted avg": {
      "precision": 0.4845709688468309,
      "recall": 0.485,
      "f1-score": 0.48146961070914585,
      "support": 200.0
    }
  }
}