{
  "target": "genero_libro_rec",
  "kernel_used": "kernel_radial",
  "params": {
    "kernel": "rbf",
    "degree": 3
  },
  "accuracy": 0.715,
  "f1_macro": 0.7122303823594727,
  "classification_report": {
    "ciencia ficcion": {
      "precision": 0.5428571428571428,
      "recall": 0.475,
      "f1-score": 0.5066666666666667,
      "support": 40.0
    },
    "fantasia": {
      "precision": 0.5641025641025641,
      "recall": 0.55,
      "f1-score": 0.5569620253164557,
      "support": 40.0
    },
    "no ficcion": {
      "precision": 0.9722222222222222,
      "recall": 0.875,
      "f1-score": 0.9210526315789473,
      "support": 40.0
    },
    "romance": {
      "precision": 0.7555555555555555,
      "recall": 0.85,
      "f1-score": 0.8,
      "support": 40.0
    },
    "thriller": {
      "precision": 0.7333333333333333,
      "recall": 0.825,
      "f1-score": 0.7764705882352941,
      "support": 40.0
    },
    "accuracy": 0.715,
    "macro avg": {
      "precision": 0.7136141636141636,
      "recall": 0.7150000000000001,
      "f1-score": 0.7122303823594727,
      "support": 200.0
    },
    "weighted avg": {
      "precision": 0.7136141636141636,
      "recall": 0.715,
      "f1-score": 0.7122303823594727,
      "support": 200.0
    }
  }
}