{
  "target": "genero_libro_rec",
  "kernel_used": "kernel_poly_d2",
  "params": {
    "kernel": "poly",
    "degree": 2
  },
  "accuracy": 0.71,
  "f1_macro": 0.7088553570570484,
  "classification_report": {
    "ciencia ficcion": {
      "precision": 0.4864864864864865,
      "recall": 0.45,
      "f1-score": 0.4675324675324675,
      "support": 40.0
    },
    "fantasia": {
      "precision": 0.575,
      "recall": 0.575,
      "f1-score": 0.575,
      "support": 40.0
    },
    "no ficcion": {
      "precision": 1.0,
      "recall": 0.9,
      "f1-score": 0.9473684210526315,
      "support": 40.0
    },
    "romance": {
      "precision": 0.8,
      "recall": 0.9,
      "f1-score": 0.8470588235294118,
      "support": 40.0
    },
    "thriller": {
      "precision": 0.6904761904761905,
      "recall": 0.725,
      "f1-score": 0.7073170731707317,
      "support": 40.0
    },
    "accuracy": 0.71,
    "macro avg": {
      "precision": 0.7103925353925356,
      "recall": 0.71,
      "f1-score": 0.7088553570570484,
      "support": 200.0
    },
    "weighted avg": {
      "precision": 0.7103925353925353,
      "recall": 0.71,
      "f1-score": 0.7088553570570484,
      "support": 200.0
    }
  }
}