{
  "target": "genero_musical_rec",
  "kernel_used": "kernel_poly_d2",
  "params": {
    "kernel": "poly",
    "degree": 2
  },
  "accuracy": 0.725,
  "f1_macro": 0.7230295250320924,
  "classification_report": {
    "electronica": {
      "precision": 0.5476190476190477,
      "recall": 0.575,
      "f1-score": 0.5609756097560976,
      "support": 40.0
    },
    "jazz": {
      "precision": 0.9,
      "recall": 0.9,
      "f1-score": 0.9,
      "support": 40.0
    },
    "pop": {
      "precision": 0.7619047619047619,
      "recall": 0.8,
      "f1-score": 0.7804878048780488,
      "support": 40.0
    },
    "reggaeton": {
      "precision": 0.5,
      "recall": 0.45,
      "f1-score": 0.47368421052631576,
      "support": 40.0
    },
    "rock": {
      "precision": 0.9,
      "recall": 0.9,
      "f1-score": 0.9,
      "support": 40.0
    },
    "accuracy": 0.725,
    "macro avg": {
      "precision": 0.7219047619047619,
      "recall": 0.7250000000000001,
      "f1-score": 0.7230295250320924,
      "support": 200.0
    },
    "weighted avg": {
      "precision": 0.7219047619047619,
      "recall": 0.725,
      "f1-score": 0.7230295250320924,
      "support": 200.0
    }
  }
}