{
  "target": "tipo_vino_rec",
  "method": "extremality_mkl",
  "params": {
    "num_kernels": 15,
    "t_features": 5,
    "max_degree": 3,
    "n_weight": 2,
    "C": 1.0,
    "strategy": "OvR"
  },
  "accuracy": 0.46,
  "f1_macro": 0.4453269537480063,
  "classification_report": {
    "0": {
      "precision": 0.375,
      "recall": 0.45,
      "f1-score": 0.4090909090909091,
      "support": 40.0
    },
    "1": {
      "precision": 0.6,
      "recall": 0.6,
      "f1-score": 0.6,
      "support": 40.0
    },
    "2": {
      "precision": 0.2857142857142857,
      "recall": 0.25,
      "f1-score": 0.26666666666666666,
      "support": 40.0
    },
    "3": {
      "precision": 0.5,
      "recall": 0.75,
      "f1-score": 0.6,
      "support": 40.0
    },
    "4": {
      "precision": 0.5882352941176471,
      "recall": 0.25,
      "f1-score": 0.3508771929824561,
      "support": 40.0
    },
    "accuracy": 0.46,
    "macro avg": {
      "precision": 0.4697899159663866,
      "recall": 0.45999999999999996,
      "f1-score": 0.4453269537480063,
      "support": 200.0
    },
    "weighted avg": {
      "precision": 0.4697899159663866,
      "recall": 0.46,
      "f1-score": 0.4453269537480064,
      "support": 200.0
    }
  }
}