{
  "target": "genero_serie_rec",
  "model": "DecisionTreeClassifier",
  "accuracy": 0.71,
  "f1_macro": 0.712146353602353,
  "classification_report": {
    "accion": {
      "precision": 0.5364806866952789,
      "recall": 0.625,
      "f1-score": 0.5773672055427251,
      "support": 200.0
    },
    "ciencia ficcion": {
      "precision": 0.5841584158415841,
      "recall": 0.59,
      "f1-score": 0.5870646766169154,
      "support": 200.0
    },
    "comedia": {
      "precision": 0.9158415841584159,
      "recall": 0.925,
      "f1-score": 0.9203980099502488,
      "support": 200.0
    },
    "drama": {
      "precision": 0.9081081081081082,
      "recall": 0.84,
      "f1-score": 0.8727272727272727,
      "support": 200.0
    },
    "terror": {
      "precision": 0.6404494382022472,
      "recall": 0.57,
      "f1-score": 0.6031746031746031,
      "support": 200.0
    },
    "accuracy": 0.71,
    "macro avg": {
      "precision": 0.7170076466011268,
      "recall": 0.7099999999999999,
      "f1-score": 0.712146353602353,
      "support": 1000.0
    },
    "weighted avg": {
      "precision": 0.7170076466011269,
      "recall": 0.71,
      "f1-score": 0.712146353602353,
      "support": 1000.0
    }
  }
}