{
  "target": "tipo_vino_rec",
  "kernel_used": "kernel_poly_d2",
  "params": {
    "kernel": "poly",
    "degree": 2
  },
  "accuracy": 0.56,
  "f1_macro": 0.5511074643667737,
  "classification_report": {
    "afrutado": {
      "precision": 0.38596491228070173,
      "recall": 0.55,
      "f1-score": 0.4536082474226804,
      "support": 40.0
    },
    "bajo en acidez": {
      "precision": 0.6666666666666666,
      "recall": 0.65,
      "f1-score": 0.6582278481012658,
      "support": 40.0
    },
    "dulce": {
      "precision": 0.3448275862068966,
      "recall": 0.25,
      "f1-score": 0.2898550724637681,
      "support": 40.0
    },
    "espumoso": {
      "precision": 0.72,
      "recall": 0.9,
      "f1-score": 0.8,
      "support": 40.0
    },
    "seco": {
      "precision": 0.72,
      "recall": 0.45,
      "f1-score": 0.5538461538461539,
      "support": 40.0
    },
    "accuracy": 0.56,
    "macro avg": {
      "precision": 0.5674918330308529,
      "recall": 0.56,
      "f1-score": 0.5511074643667737,
      "support": 200.0
    },
    "weighted avg": {
      "precision": 0.5674918330308529,
      "recall": 0.56,
      "f1-score": 0.5511074643667736,
      "support": 200.0
    }
  }
}