{
  "target": "genero_libro_rec",
  "method": "extremality_mkl",
  "params": {
    "num_kernels": 15,
    "t_features": 5,
    "max_degree": 3,
    "n_weight": 2,
    "C": 1.0,
    "strategy": "OvR"
  },
  "accuracy": 0.645,
  "f1_macro": 0.644340782674116,
  "classification_report": {
    "0": {
      "precision": 0.4473684210526316,
      "recall": 0.425,
      "f1-score": 0.4358974358974359,
      "support": 40.0
    },
    "1": {
      "precision": 0.475,
      "recall": 0.475,
      "f1-score": 0.475,
      "support": 40.0
    },
    "2": {
      "precision": 0.918918918918919,
      "recall": 0.85,
      "f1-score": 0.8831168831168831,
      "support": 40.0
    },
    "3": {
      "precision": 0.75,
      "recall": 0.825,
      "f1-score": 0.7857142857142857,
      "support": 40.0
    },
    "4": {
      "precision": 0.6341463414634146,
      "recall": 0.65,
      "f1-score": 0.6419753086419753,
      "support": 40.0
    },
    "accuracy": 0.645,
    "macro avg": {
      "precision": 0.645086736286993,
      "recall": 0.645,
      "f1-score": 0.644340782674116,
      "support": 200.0
    },
    "weighted avg": {
      "precision": 0.645086736286993,
      "recall": 0.645,
      "f1-score": 0.6443407826741159,
      "support": 200.0
    }
  }
}