{
  "target": "genero_serie_rec",
  "kernel_used": "kernel_radial",
  "params": {
    "kernel": "rbf",
    "degree": 3
  },
  "accuracy": 0.665,
  "f1_macro": 0.6595638778565609,
  "classification_report": {
    "accion": {
      "precision": 0.4318181818181818,
      "recall": 0.475,
      "f1-score": 0.4523809523809524,
      "support": 40.0
    },
    "ciencia ficcion": {
      "precision": 0.5208333333333334,
      "recall": 0.625,
      "f1-score": 0.5681818181818182,
      "support": 40.0
    },
    "comedia": {
      "precision": 0.8780487804878049,
      "recall": 0.9,
      "f1-score": 0.8888888888888888,
      "support": 40.0
    },
    "drama": {
      "precision": 0.9047619047619048,
      "recall": 0.95,
      "f1-score": 0.926829268292683,
      "support": 40.0
    },
    "terror": {
      "precision": 0.6,
      "recall": 0.375,
      "f1-score": 0.46153846153846156,
      "support": 40.0
    },
    "accuracy": 0.665,
    "macro avg": {
      "precision": 0.6670924400802449,
      "recall": 0.665,
      "f1-score": 0.6595638778565609,
      "support": 200.0
    },
    "weighted avg": {
      "precision": 0.6670924400802449,
      "recall": 0.665,
      "f1-score": 0.6595638778565608,
      "support": 200.0
    }
  }
}