{
  "target": "genero_libro_rec",
  "kernel_used": "kernel_lineal",
  "params": {
    "kernel": "linear",
    "degree": 1
  },
  "accuracy": 0.71,
  "f1_macro": 0.7081541547883011,
  "classification_report": {
    "ciencia ficcion": {
      "precision": 0.5428571428571428,
      "recall": 0.475,
      "f1-score": 0.5066666666666667,
      "support": 40.0
    },
    "fantasia": {
      "precision": 0.5714285714285714,
      "recall": 0.6,
      "f1-score": 0.5853658536585366,
      "support": 40.0
    },
    "no ficcion": {
      "precision": 0.918918918918919,
      "recall": 0.85,
      "f1-score": 0.8831168831168831,
      "support": 40.0
    },
    "romance": {
      "precision": 0.7727272727272727,
      "recall": 0.85,
      "f1-score": 0.8095238095238095,
      "support": 40.0
    },
    "thriller": {
      "precision": 0.7380952380952381,
      "recall": 0.775,
      "f1-score": 0.7560975609756098,
      "support": 40.0
    },
    "accuracy": 0.71,
    "macro avg": {
      "precision": 0.7088054288054287,
      "recall": 0.71,
      "f1-score": 0.7081541547883011,
      "support": 200.0
    },
    "weighted avg": {
      "precision": 0.7088054288054287,
      "recall": 0.71,
      "f1-score": 0.7081541547883012,
      "support": 200.0
    }
  }
}