{
  "target": "genero_musical_rec",
  "kernel_used": "kernel_lineal",
  "params": {
    "kernel": "linear",
    "degree": 1
  },
  "accuracy": 0.65,
  "f1_macro": 0.6368127807019531,
  "classification_report": {
    "electronica": {
      "precision": 0.4318181818181818,
      "recall": 0.475,
      "f1-score": 0.4523809523809524,
      "support": 40.0
    },
    "jazz": {
      "precision": 0.8444444444444444,
      "recall": 0.95,
      "f1-score": 0.8941176470588236,
      "support": 40.0
    },
    "pop": {
      "precision": 0.6956521739130435,
      "recall": 0.8,
      "f1-score": 0.7441860465116279,
      "support": 40.0
    },
    "reggaeton": {
      "precision": 0.37037037037037035,
      "recall": 0.25,
      "f1-score": 0.29850746268656714,
      "support": 40.0
    },
    "rock": {
      "precision": 0.8157894736842105,
      "recall": 0.775,
      "f1-score": 0.7948717948717948,
      "support": 40.0
    },
    "accuracy": 0.65,
    "macro avg": {
      "precision": 0.6316149288460501,
      "recall": 0.6499999999999999,
      "f1-score": 0.6368127807019531,
      "support": 200.0
    },
    "weighted avg": {
      "precision": 0.6316149288460501,
      "recall": 0.65,
      "f1-score": 0.6368127807019532,
      "support": 200.0
    }
  }
}