{
  "target": "tipo_vino_rec",
  "kernel_used": "kernel_lineal",
  "params": {
    "kernel": "linear",
    "degree": 1
  },
  "accuracy": 0.545,
  "f1_macro": 0.5291414817640929,
  "classification_report": {
    "afrutado": {
      "precision": 0.47540983606557374,
      "recall": 0.725,
      "f1-score": 0.5742574257425742,
      "support": 40.0
    },
    "bajo en acidez": {
      "precision": 0.7058823529411765,
      "recall": 0.6,
      "f1-score": 0.6486486486486487,
      "support": 40.0
    },
    "dulce": {
      "precision": 0.28,
      "recall": 0.175,
      "f1-score": 0.2153846153846154,
      "support": 40.0
    },
    "espumoso": {
      "precision": 0.6739130434782609,
      "recall": 0.775,
      "f1-score": 0.7209302325581395,
      "support": 40.0
    },
    "seco": {
      "precision": 0.5294117647058824,
      "recall": 0.45,
      "f1-score": 0.4864864864864865,
      "support": 40.0
    },
    "accuracy": 0.545,
    "macro avg": {
      "precision": 0.5329233994381787,
      "recall": 0.545,
      "f1-score": 0.5291414817640929,
      "support": 200.0
    },
    "weighted avg": {
      "precision": 0.5329233994381787,
      "recall": 0.545,
      "f1-score": 0.5291414817640928,
      "support": 200.0
    }
  }
}