{
  "target": "genero_serie_rec",
  "method": "extremality_mkl",
  "params": {
    "num_kernels": 15,
    "t_features": 5,
    "max_degree": 3,
    "n_weight": 2,
    "C": 1.0,
    "strategy": "OvR"
  },
  "accuracy": 0.575,
  "f1_macro": 0.562467190030223,
  "classification_report": {
    "0": {
      "precision": 0.38235294117647056,
      "recall": 0.325,
      "f1-score": 0.35135135135135137,
      "support": 40.0
    },
    "1": {
      "precision": 0.4107142857142857,
      "recall": 0.575,
      "f1-score": 0.4791666666666667,
      "support": 40.0
    },
    "2": {
      "precision": 0.7446808510638298,
      "recall": 0.875,
      "f1-score": 0.8045977011494253,
      "support": 40.0
    },
    "3": {
      "precision": 0.7804878048780488,
      "recall": 0.8,
      "f1-score": 0.7901234567901234,
      "support": 40.0
    },
    "4": {
      "precision": 0.5454545454545454,
      "recall": 0.3,
      "f1-score": 0.3870967741935484,
      "support": 40.0
    },
    "accuracy": 0.575,
    "macro avg": {
      "precision": 0.5727380856574361,
      "recall": 0.575,
      "f1-score": 0.562467190030223,
      "support": 200.0
    },
    "weighted avg": {
      "precision": 0.572738085657436,
      "recall": 0.575,
      "f1-score": 0.5624671900302229,
      "support": 200.0
    }
  }
}