{
  "target": "genero_musical_rec",
  "model": "LogisticRegression",
  "accuracy": 0.653,
  "f1_macro": 0.6415430983379041,
  "classification_report": {
    "electronica": {
      "precision": 0.4576271186440678,
      "recall": 0.405,
      "f1-score": 0.4297082228116711,
      "support": 200.0
    },
    "jazz": {
      "precision": 0.9339622641509434,
      "recall": 0.99,
      "f1-score": 0.9611650485436893,
      "support": 200.0
    },
    "pop": {
      "precision": 0.6467889908256881,
      "recall": 0.705,
      "f1-score": 0.6746411483253588,
      "support": 200.0
    },
    "reggaeton": {
      "precision": 0.38323353293413176,
      "recall": 0.32,
      "f1-score": 0.34877384196185285,
      "support": 200.0
    },
    "rock": {
      "precision": 0.7477876106194691,
      "recall": 0.845,
      "f1-score": 0.7934272300469484,
      "support": 200.0
    },
    "accuracy": 0.653,
    "macro avg": {
      "precision": 0.63387990343486,
      "recall": 0.6529999999999999,
      "f1-score": 0.6415430983379041,
      "support": 1000.0
    },
    "weighted avg": {
      "precision": 0.63387990343486,
      "recall": 0.653,
      "f1-score": 0.6415430983379041,
      "support": 1000.0
    }
  }
}