{
  "target": "genero_musical_rec",
  "kernel_used": "kernel_radial",
  "params": {
    "kernel": "rbf",
    "degree": 3
  },
  "accuracy": 0.715,
  "f1_macro": 0.7079868713272145,
  "classification_report": {
    "electronica": {
      "precision": 0.525,
      "recall": 0.525,
      "f1-score": 0.525,
      "support": 40.0
    },
    "jazz": {
      "precision": 0.8571428571428571,
      "recall": 0.9,
      "f1-score": 0.8780487804878049,
      "support": 40.0
    },
    "pop": {
      "precision": 0.7777777777777778,
      "recall": 0.875,
      "f1-score": 0.8235294117647058,
      "support": 40.0
    },
    "reggaeton": {
      "precision": 0.48484848484848486,
      "recall": 0.4,
      "f1-score": 0.4383561643835616,
      "support": 40.0
    },
    "rock": {
      "precision": 0.875,
      "recall": 0.875,
      "f1-score": 0.875,
      "support": 40.0
    },
    "accuracy": 0.715,
    "macro avg": {
      "precision": 0.7039538239538239,
      "recall": 0.715,
      "f1-score": 0.7079868713272145,
      "support": 200.0
    },
    "weighted avg": {
      "precision": 0.703953823953824,
      "recall": 0.715,
      "f1-score": 0.7079868713272145,
      "support": 200.0
    }
  }
}