Modelo,Tarea,Accuracy,F1_Macro,Precision_Macro,Recall_Macro,Precision_Weighted,Recall_Weighted
Regresión Logística,genero_libro_rec,0.708,0.7051115520230367,0.7036574047721358,0.708,0.7036574047721358,0.708
Regresión Logística,genero_musical_rec,0.653,0.6415430983379041,0.63387990343486,0.6529999999999999,0.63387990343486,0.653
Regresión Logística,genero_serie_rec,0.645,0.6389326057557193,0.6350671541248791,0.6449999999999999,0.635067154124879,0.645
Regresión Logística,tipo_vino_rec,0.571,0.561284260958409,0.5574069337659306,0.571,0.5574069337659306,0.571
Árbol de Decisión,genero_libro_rec,0.725,0.7243100345326812,0.7260421542857155,0.725,0.7260421542857155,0.725
Árbol de Decisión,genero_musical_rec,0.736,0.7285949872667381,0.7272531491026719,0.736,0.7272531491026718,0.736
Árbol de Decisión,genero_serie_rec,0.71,0.712146353602353,0.7170076466011268,0.7099999999999999,0.7170076466011269,0.71
Árbol de Decisión,tipo_vino_rec,0.664,0.6620020056832593,0.6672457069155475,0.6639999999999999,0.6672457069155475,0.664
