{
  "target": "genero_musical_rec",
  "method": "extremality_mkl",
  "params": {
    "num_kernels": 15,
    "t_features": 5,
    "max_degree": 3,
    "n_weight": 2,
    "C": 1.0,
    "strategy": "OvR"
  },
  "accuracy": 0.395,
  "f1_macro": 0.40326795710853397,
  "classification_report": {
    "0": {
      "precision": 0.2,
      "recall": 0.125,
      "f1-score": 0.15384615384615385,
      "support": 40.0
    },
    "1": {
      "precision": 0.7777777777777778,
      "recall": 0.7,
      "f1-score": 0.7368421052631579,
      "support": 40.0
    },
    "2": {
      "precision": 0.41025641025641024,
      "recall": 0.4,
      "f1-score": 0.4050632911392405,
      "support": 40.0
    },
    "3": {
      "precision": 0.19444444444444445,
      "recall": 0.35,
      "f1-score": 0.25,
      "support": 40.0
    },
    "4": {
      "precision": 0.5714285714285714,
      "recall": 0.4,
      "f1-score": 0.47058823529411764,
      "support": 40.0
    },
    "accuracy": 0.395,
    "macro avg": {
      "precision": 0.43078144078144076,
      "recall": 0.395,
      "f1-score": 0.40326795710853397,
      "support": 200.0
    },
    "weighted avg": {
      "precision": 0.43078144078144076,
      "recall": 0.395,
      "f1-score": 0.40326795710853397,
      "support": 200.0
    }
  }
}