{
  "target": "genero_libro_rec",
  "model": "DecisionTreeClassifier",
  "accuracy": 0.725,
  "f1_macro": 0.7243100345326812,
  "classification_report": {
    "ciencia ficcion": {
      "precision": 0.5944700460829493,
      "recall": 0.645,
      "f1-score": 0.6187050359712231,
      "support": 200.0
    },
    "fantasia": {
      "precision": 0.6702702702702703,
      "recall": 0.62,
      "f1-score": 0.6441558441558441,
      "support": 200.0
    },
    "no ficcion": {
      "precision": 0.8054298642533937,
      "recall": 0.89,
      "f1-score": 0.8456057007125891,
      "support": 200.0
    },
    "romance": {
      "precision": 0.7755102040816326,
      "recall": 0.76,
      "f1-score": 0.7676767676767676,
      "support": 200.0
    },
    "thriller": {
      "precision": 0.7845303867403315,
      "recall": 0.71,
      "f1-score": 0.7454068241469817,
      "support": 200.0
    },
    "accuracy": 0.725,
    "macro avg": {
      "precision": 0.7260421542857155,
      "recall": 0.725,
      "f1-score": 0.7243100345326812,
      "support": 1000.0
    },
    "weighted avg": {
      "precision": 0.7260421542857155,
      "recall": 0.725,
      "f1-score": 0.7243100345326812,
      "support": 1000.0
    }
  }
}