{
  "target": "genero_libro_rec",
  "model": "DecisionTreeClassifier",
  "n_rows": 1000,
  "accuracy": 0.55,
  "f1_macro": 0.5461584184658289,
  "classification_report": {
    "ciencia ficcion": {
      "precision": 0.2619047619047619,
      "recall": 0.275,
      "f1-score": 0.2682926829268293,
      "support": 40.0
    },
    "fantasia": {
      "precision": 0.4857142857142857,
      "recall": 0.425,
      "f1-score": 0.4533333333333333,
      "support": 40.0
    },
    "no ficcion": {
      "precision": 0.7111111111111111,
      "recall": 0.8,
      "f1-score": 0.7529411764705882,
      "support": 40.0
    },
    "romance": {
      "precision": 0.6976744186046512,
      "recall": 0.75,
      "f1-score": 0.7228915662650602,
      "support": 40.0
    },
    "thriller": {
      "precision": 0.5714285714285714,
      "recall": 0.5,
      "f1-score": 0.5333333333333333,
      "support": 40.0
    },
    "accuracy": 0.55,
    "macro avg": {
      "precision": 0.5455666297526763,
      "recall": 0.55,
      "f1-score": 0.5461584184658289,
      "support": 200.0
    },
    "weighted avg": {
      "precision": 0.5455666297526762,
      "recall": 0.55,
      "f1-score": 0.5461584184658289,
      "support": 200.0
    }
  }
}