{
  "varianza_2d": 0.4664594648366511,
  "componentes_90pct": 9,
  "componentes_95pct": 11,
  "varianza_por_componente": [
    0.25499360820905836,
    0.21146585662759276,
    0.11242303585942315,
    0.09116351309032489,
    0.06832090184849796,
    0.059998093896044324,
    0.04502167431845863,
    0.041669810089914945,
    0.032389411346133136,
    0.030292444359331837,
    0.02910456178714976,
    0.023157088568070288,
    9.777942130465333e-18,
    2.5451579441102694e-18,
    0.0
  ],
  "perfil_promedio_por_cluster": {
    "edad": {
      "0": -0.6879016217299389,
      "1": -0.20634234895320377,
      "2": 1.3984031471745442,
      "3": 0.28014734422965354,
      "4": -0.4620999370530061
    },
    "engagement_promedio": {
      "0": 0.7804924237744992,
      "1": -0.4809981019909125,
      "2": -0.8233323823395945,
      "3": 0.9355313106747797,
      "4": -0.686503729286981
    },
    "valence_musical_pref": {
      "0": 0.5529782571852857,
      "1": -0.6780296802627238,
      "2": -0.3708909354031751,
      "3": -0.8320811746394728,
      "4": 1.0406946437264035
    },
    "energia_musical_pref": {
      "0": 0.20018847314238095,
      "1": 0.6723864356362503,
      "2": -0.9945975789096926,
      "3": 0.8002870512794339,
      "4": -0.7374056312334021
    },
    "hora_lectura_preferida_manana": {
      "0": 0.21589204756675454,
      "1": 0.20524455321029197,
      "2": 0.4413439136756179,
      "3": 0.1935794321853303,
      "4": 0.2248538638673168
    },
    "hora_lectura_preferida_noche": {
      "0": 0.4358006913673092,
      "1": 0.5111088451559543,
      "2": 0.21029890050858047,
      "3": 0.5412996297714796,
      "4": 0.37918946887556754
    },
    "hora_lectura_preferida_tarde": {
      "0": 0.3483072610659363,
      "1": 0.28364660163375366,
      "2": 0.3483571858158016,
      "3": 0.26512093804319004,
      "4": 0.3959566672571157
    },
    "velocidad_lectura_alta": {
      "0": 0.4883710993082054,
      "1": 0.5603990347031033,
      "2": 0.3050957310771279,
      "3": 0.5886289760284399,
      "4": 0.34797646905270224
    },
    "velocidad_lectura_baja": {
      "0": 0.10912322831785805,
      "1": 0.1122327589137011,
      "2": 0.24253624584698208,
      "3": 0.10077188227322276,
      "4": 0.15382750808759776
    },
    "velocidad_lectura_media": {
      "0": 0.4025056723739366,
      "1": 0.3273682063831957,
      "2": 0.45236802307589,
      "3": 0.3105991416983374,
      "4": 0.4981960228597
    },
    "contenido_visual_pref_anime": {
      "0": 0.3305060483957116,
      "1": 0.1790614413740752,
      "2": 0.10410426191602291,
      "3": 0.168090622514215,
      "4": 0.1359741942701584
    },
    "contenido_visual_pref_documentales": {
      "0": 0.12840716321481527,
      "1": 0.17634796007387013,
      "2": 0.43591360554942454,
      "3": 0.17537243810702255,
      "4": 0.13372738036415166
    },
    "contenido_visual_pref_peliculas": {
      "0": 0.21111913480807934,
      "1": 0.1713005449622152,
      "2": 0.153736110381231,
      "3": 0.1723968614049043,
      "4": 0.27450751890213776
    },
    "contenido_visual_pref_series cortas": {
      "0": 0.1088497579359823,
      "1": 0.15298596240780396,
      "2": 0.10232919345326724,
      "3": 0.150723271366703,
      "4": 0.13725142873124935
    },
    "contenido_visual_pref_series largas": {
      "0": 0.22111789564541146,
      "1": 0.3203040911820355,
      "2": 0.20391682870005431,
      "3": 0.3334168066071551,
      "4": 0.31853947773230284
    }
  }
}