{
  "target": "tipo_vino_rec",
  "kernel_used": "kernel_poly_d3",
  "params": {
    "kernel": "poly",
    "degree": 3
  },
  "accuracy": 0.56,
  "f1_macro": 0.5523511560407011,
  "classification_report": {
    "afrutado": {
      "precision": 0.4032258064516129,
      "recall": 0.625,
      "f1-score": 0.49019607843137253,
      "support": 40.0
    },
    "bajo en acidez": {
      "precision": 0.6666666666666666,
      "recall": 0.7,
      "f1-score": 0.6829268292682927,
      "support": 40.0
    },
    "dulce": {
      "precision": 0.4,
      "recall": 0.3,
      "f1-score": 0.34285714285714286,
      "support": 40.0
    },
    "espumoso": {
      "precision": 0.7272727272727273,
      "recall": 0.8,
      "f1-score": 0.7619047619047619,
      "support": 40.0
    },
    "seco": {
      "precision": 0.6818181818181818,
      "recall": 0.375,
      "f1-score": 0.4838709677419355,
      "support": 40.0
    },
    "accuracy": 0.56,
    "macro avg": {
      "precision": 0.5757966764418377,
      "recall": 0.5599999999999999,
      "f1-score": 0.5523511560407011,
      "support": 200.0
    },
    "weighted avg": {
      "precision": 0.5757966764418377,
      "recall": 0.56,
      "f1-score": 0.5523511560407011,
      "support": 200.0
    }
  }
}