{
  "target": "genero_libro_rec",
  "model": "RandomForestClassifier",
  "n_rows": 1000,
  "accuracy": 0.68,
  "f1_macro": 0.6704214311719383,
  "classification_report": {
    "ciencia ficcion": {
      "precision": 0.4,
      "recall": 0.3,
      "f1-score": 0.34285714285714286,
      "support": 40.0
    },
    "fantasia": {
      "precision": 0.55,
      "recall": 0.55,
      "f1-score": 0.55,
      "support": 40.0
    },
    "no ficcion": {
      "precision": 0.9473684210526315,
      "recall": 0.9,
      "f1-score": 0.9230769230769231,
      "support": 40.0
    },
    "romance": {
      "precision": 0.7777777777777778,
      "recall": 0.875,
      "f1-score": 0.8235294117647058,
      "support": 40.0
    },
    "thriller": {
      "precision": 0.6595744680851063,
      "recall": 0.775,
      "f1-score": 0.7126436781609196,
      "support": 40.0
    },
    "accuracy": 0.68,
    "macro avg": {
      "precision": 0.6669441333831031,
      "recall": 0.6799999999999999,
      "f1-score": 0.6704214311719383,
      "support": 200.0
    },
    "weighted avg": {
      "precision": 0.6669441333831031,
      "recall": 0.68,
      "f1-score": 0.6704214311719383,
      "support": 200.0
    }
  }
}