{
  "target": "genero_musical_rec",
  "model": "DecisionTreeClassifier",
  "accuracy": 0.736,
  "f1_macro": 0.7285949872667381,
  "classification_report": {
    "electronica": {
      "precision": 0.5598086124401914,
      "recall": 0.585,
      "f1-score": 0.5721271393643031,
      "support": 200.0
    },
    "jazz": {
      "precision": 0.8506787330316742,
      "recall": 0.94,
      "f1-score": 0.8931116389548693,
      "support": 200.0
    },
    "pop": {
      "precision": 0.7614678899082569,
      "recall": 0.83,
      "f1-score": 0.7942583732057417,
      "support": 200.0
    },
    "reggaeton": {
      "precision": 0.5973154362416108,
      "recall": 0.445,
      "f1-score": 0.5100286532951289,
      "support": 200.0
    },
    "rock": {
      "precision": 0.8669950738916257,
      "recall": 0.88,
      "f1-score": 0.8734491315136477,
      "support": 200.0
    },
    "accuracy": 0.736,
    "macro avg": {
      "precision": 0.7272531491026719,
      "recall": 0.736,
      "f1-score": 0.7285949872667381,
      "support": 1000.0
    },
    "weighted avg": {
      "precision": 0.7272531491026718,
      "recall": 0.736,
      "f1-score": 0.7285949872667381,
      "support": 1000.0
    }
  }
}