{
  "target": "genero_musical_rec",
  "model": "DecisionTreeClassifier",
  "n_rows": 1000,
  "accuracy": 0.615,
  "f1_macro": 0.5989297614490885,
  "classification_report": {
    "electronica": {
      "precision": 0.3055555555555556,
      "recall": 0.275,
      "f1-score": 0.2894736842105263,
      "support": 40.0
    },
    "jazz": {
      "precision": 0.8222222222222222,
      "recall": 0.925,
      "f1-score": 0.8705882352941177,
      "support": 40.0
    },
    "pop": {
      "precision": 0.6808510638297872,
      "recall": 0.8,
      "f1-score": 0.735632183908046,
      "support": 40.0
    },
    "reggaeton": {
      "precision": 0.4,
      "recall": 0.3,
      "f1-score": 0.34285714285714286,
      "support": 40.0
    },
    "rock": {
      "precision": 0.7380952380952381,
      "recall": 0.775,
      "f1-score": 0.7560975609756098,
      "support": 40.0
    },
    "accuracy": 0.615,
    "macro avg": {
      "precision": 0.5893448159405607,
      "recall": 0.615,
      "f1-score": 0.5989297614490885,
      "support": 200.0
    },
    "weighted avg": {
      "precision": 0.5893448159405607,
      "recall": 0.615,
      "f1-score": 0.5989297614490886,
      "support": 200.0
    }
  }
}