{
  "target": "genero_libro_rec",
  "model": "LogisticRegression",
  "accuracy": 0.708,
  "f1_macro": 0.7051115520230367,
  "classification_report": {
    "ciencia ficcion": {
      "precision": 0.5371428571428571,
      "recall": 0.47,
      "f1-score": 0.5013333333333333,
      "support": 200.0
    },
    "fantasia": {
      "precision": 0.6428571428571429,
      "recall": 0.675,
      "f1-score": 0.6585365853658537,
      "support": 200.0
    },
    "no ficcion": {
      "precision": 0.8454106280193237,
      "recall": 0.875,
      "f1-score": 0.85995085995086,
      "support": 200.0
    },
    "romance": {
      "precision": 0.7806122448979592,
      "recall": 0.765,
      "f1-score": 0.7727272727272727,
      "support": 200.0
    },
    "thriller": {
      "precision": 0.7122641509433962,
      "recall": 0.755,
      "f1-score": 0.7330097087378641,
      "support": 200.0
    },
    "accuracy": 0.708,
    "macro avg": {
      "precision": 0.7036574047721358,
      "recall": 0.708,
      "f1-score": 0.7051115520230367,
      "support": 1000.0
    },
    "weighted avg": {
      "precision": 0.7036574047721358,
      "recall": 0.708,
      "f1-score": 0.7051115520230368,
      "support": 1000.0
    }
  }
}