{
  "target": "genero_libro_rec",
  "model": "LogisticRegression",
  "n_rows": 1000,
  "accuracy": 0.7,
  "f1_macro": 0.695512612246172,
  "classification_report": {
    "ciencia ficcion": {
      "precision": 0.5,
      "recall": 0.425,
      "f1-score": 0.4594594594594595,
      "support": 40.0
    },
    "fantasia": {
      "precision": 0.6590909090909091,
      "recall": 0.725,
      "f1-score": 0.6904761904761905,
      "support": 40.0
    },
    "no ficcion": {
      "precision": 0.8048780487804879,
      "recall": 0.825,
      "f1-score": 0.8148148148148148,
      "support": 40.0
    },
    "romance": {
      "precision": 0.8095238095238095,
      "recall": 0.85,
      "f1-score": 0.8292682926829268,
      "support": 40.0
    },
    "thriller": {
      "precision": 0.6923076923076923,
      "recall": 0.675,
      "f1-score": 0.6835443037974683,
      "support": 40.0
    },
    "accuracy": 0.7,
    "macro avg": {
      "precision": 0.6931600919405797,
      "recall": 0.7,
      "f1-score": 0.695512612246172,
      "support": 200.0
    },
    "weighted avg": {
      "precision": 0.6931600919405798,
      "recall": 0.7,
      "f1-score": 0.6955126122461719,
      "support": 200.0
    }
  }
}