{
  "target": "tipo_vino_rec",
  "model": "RandomForestClassifier",
  "n_rows": 1000,
  "accuracy": 0.57,
  "f1_macro": 0.5524533386653141,
  "classification_report": {
    "afrutado": {
      "precision": 0.4166666666666667,
      "recall": 0.5,
      "f1-score": 0.45454545454545453,
      "support": 40.0
    },
    "bajo en acidez": {
      "precision": 0.6666666666666666,
      "recall": 0.75,
      "f1-score": 0.7058823529411765,
      "support": 40.0
    },
    "dulce": {
      "precision": 0.3548387096774194,
      "recall": 0.275,
      "f1-score": 0.30985915492957744,
      "support": 40.0
    },
    "espumoso": {
      "precision": 0.6666666666666666,
      "recall": 0.95,
      "f1-score": 0.7835051546391752,
      "support": 40.0
    },
    "seco": {
      "precision": 0.7894736842105263,
      "recall": 0.375,
      "f1-score": 0.5084745762711864,
      "support": 40.0
    },
    "accuracy": 0.57,
    "macro avg": {
      "precision": 0.5788624787775891,
      "recall": 0.57,
      "f1-score": 0.5524533386653141,
      "support": 200.0
    },
    "weighted avg": {
      "precision": 0.5788624787775891,
      "recall": 0.57,
      "f1-score": 0.552453338665314,
      "support": 200.0
    }
  }
}