{
  "target": "genero_serie_rec",
  "kernel_used": "kernel_lineal",
  "params": {
    "kernel": "linear",
    "degree": 1
  },
  "accuracy": 0.67,
  "f1_macro": 0.6644944234620288,
  "classification_report": {
    "accion": {
      "precision": 0.46,
      "recall": 0.575,
      "f1-score": 0.5111111111111111,
      "support": 40.0
    },
    "ciencia ficcion": {
      "precision": 0.5357142857142857,
      "recall": 0.375,
      "f1-score": 0.4411764705882353,
      "support": 40.0
    },
    "comedia": {
      "precision": 0.9302325581395349,
      "recall": 1.0,
      "f1-score": 0.963855421686747,
      "support": 40.0
    },
    "drama": {
      "precision": 0.9,
      "recall": 0.9,
      "f1-score": 0.9,
      "support": 40.0
    },
    "terror": {
      "precision": 0.5128205128205128,
      "recall": 0.5,
      "f1-score": 0.5063291139240507,
      "support": 40.0
    },
    "accuracy": 0.67,
    "macro avg": {
      "precision": 0.6677534713348667,
      "recall": 0.67,
      "f1-score": 0.6644944234620288,
      "support": 200.0
    },
    "weighted avg": {
      "precision": 0.6677534713348666,
      "recall": 0.67,
      "f1-score": 0.6644944234620287,
      "support": 200.0
    }
  }
}