{
  "target": "genero_serie_rec",
  "kernel_used": "kernel_poly_d2",
  "params": {
    "kernel": "poly",
    "degree": 2
  },
  "accuracy": 0.69,
  "f1_macro": 0.6844727288724605,
  "classification_report": {
    "accion": {
      "precision": 0.4888888888888889,
      "recall": 0.55,
      "f1-score": 0.5176470588235295,
      "support": 40.0
    },
    "ciencia ficcion": {
      "precision": 0.5294117647058824,
      "recall": 0.675,
      "f1-score": 0.5934065934065934,
      "support": 40.0
    },
    "comedia": {
      "precision": 0.925,
      "recall": 0.925,
      "f1-score": 0.925,
      "support": 40.0
    },
    "drama": {
      "precision": 0.8809523809523809,
      "recall": 0.925,
      "f1-score": 0.9024390243902439,
      "support": 40.0
    },
    "terror": {
      "precision": 0.6818181818181818,
      "recall": 0.375,
      "f1-score": 0.4838709677419355,
      "support": 40.0
    },
    "accuracy": 0.69,
    "macro avg": {
      "precision": 0.7012142432730668,
      "recall": 0.6900000000000001,
      "f1-score": 0.6844727288724605,
      "support": 200.0
    },
    "weighted avg": {
      "precision": 0.7012142432730668,
      "recall": 0.69,
      "f1-score": 0.6844727288724605,
      "support": 200.0
    }
  }
}