{
  "target": "genero_libro_rec",
  "kernel_used": "kernel_poly_d3",
  "params": {
    "kernel": "poly",
    "degree": 3
  },
  "accuracy": 0.68,
  "f1_macro": 0.6869852689355378,
  "classification_report": {
    "ciencia ficcion": {
      "precision": 0.4418604651162791,
      "recall": 0.475,
      "f1-score": 0.4578313253012048,
      "support": 40.0
    },
    "fantasia": {
      "precision": 0.5434782608695652,
      "recall": 0.625,
      "f1-score": 0.5813953488372093,
      "support": 40.0
    },
    "no ficcion": {
      "precision": 0.9696969696969697,
      "recall": 0.8,
      "f1-score": 0.8767123287671232,
      "support": 40.0
    },
    "romance": {
      "precision": 0.8205128205128205,
      "recall": 0.8,
      "f1-score": 0.810126582278481,
      "support": 40.0
    },
    "thriller": {
      "precision": 0.717948717948718,
      "recall": 0.7,
      "f1-score": 0.7088607594936709,
      "support": 40.0
    },
    "accuracy": 0.68,
    "macro avg": {
      "precision": 0.6986994468288705,
      "recall": 0.68,
      "f1-score": 0.6869852689355378,
      "support": 200.0
    },
    "weighted avg": {
      "precision": 0.6986994468288705,
      "recall": 0.68,
      "f1-score": 0.6869852689355379,
      "support": 200.0
    }
  }
}