{
  "target": "genero_serie_rec",
  "kernel_used": "kernel_poly_d3",
  "params": {
    "kernel": "poly",
    "degree": 3
  },
  "accuracy": 0.715,
  "f1_macro": 0.7027393157847365,
  "classification_report": {
    "accion": {
      "precision": 0.5333333333333333,
      "recall": 0.6,
      "f1-score": 0.5647058823529412,
      "support": 40.0
    },
    "ciencia ficcion": {
      "precision": 0.5645161290322581,
      "recall": 0.875,
      "f1-score": 0.6862745098039216,
      "support": 40.0
    },
    "comedia": {
      "precision": 0.9487179487179487,
      "recall": 0.925,
      "f1-score": 0.9367088607594937,
      "support": 40.0
    },
    "drama": {
      "precision": 0.9210526315789473,
      "recall": 0.875,
      "f1-score": 0.8974358974358975,
      "support": 40.0
    },
    "terror": {
      "precision": 0.75,
      "recall": 0.3,
      "f1-score": 0.42857142857142855,
      "support": 40.0
    },
    "accuracy": 0.715,
    "macro avg": {
      "precision": 0.7435240085324974,
      "recall": 0.7150000000000001,
      "f1-score": 0.7027393157847365,
      "support": 200.0
    },
    "weighted avg": {
      "precision": 0.7435240085324974,
      "recall": 0.715,
      "f1-score": 0.7027393157847365,
      "support": 200.0
    }
  }
}