{
  "target": "genero_musical_rec",
  "model": "RandomForestClassifier",
  "n_rows": 1000,
  "accuracy": 0.715,
  "f1_macro": 0.6980487703002917,
  "classification_report": {
    "electronica": {
      "precision": 0.5294117647058824,
      "recall": 0.45,
      "f1-score": 0.4864864864864865,
      "support": 40.0
    },
    "jazz": {
      "precision": 0.8863636363636364,
      "recall": 0.975,
      "f1-score": 0.9285714285714286,
      "support": 40.0
    },
    "pop": {
      "precision": 0.7446808510638298,
      "recall": 0.875,
      "f1-score": 0.8045977011494253,
      "support": 40.0
    },
    "reggaeton": {
      "precision": 0.4666666666666667,
      "recall": 0.35,
      "f1-score": 0.4,
      "support": 40.0
    },
    "rock": {
      "precision": 0.8222222222222222,
      "recall": 0.925,
      "f1-score": 0.8705882352941177,
      "support": 40.0
    },
    "accuracy": 0.715,
    "macro avg": {
      "precision": 0.6898690282044475,
      "recall": 0.7150000000000001,
      "f1-score": 0.6980487703002917,
      "support": 200.0
    },
    "weighted avg": {
      "precision": 0.6898690282044475,
      "recall": 0.715,
      "f1-score": 0.6980487703002916,
      "support": 200.0
    }
  }
}