{
  "target": "tipo_vino_rec",
  "model": "LogisticRegression",
  "accuracy": 0.571,
  "f1_macro": 0.561284260958409,
  "classification_report": {
    "afrutado": {
      "precision": 0.5627906976744186,
      "recall": 0.605,
      "f1-score": 0.5831325301204819,
      "support": 200.0
    },
    "bajo en acidez": {
      "precision": 0.6510416666666666,
      "recall": 0.625,
      "f1-score": 0.6377551020408163,
      "support": 200.0
    },
    "dulce": {
      "precision": 0.3870967741935484,
      "recall": 0.3,
      "f1-score": 0.3380281690140845,
      "support": 200.0
    },
    "espumoso": {
      "precision": 0.6938775510204082,
      "recall": 0.85,
      "f1-score": 0.7640449438202247,
      "support": 200.0
    },
    "seco": {
      "precision": 0.49222797927461137,
      "recall": 0.475,
      "f1-score": 0.48346055979643765,
      "support": 200.0
    },
    "accuracy": 0.571,
    "macro avg": {
      "precision": 0.5574069337659306,
      "recall": 0.571,
      "f1-score": 0.561284260958409,
      "support": 1000.0
    },
    "weighted avg": {
      "precision": 0.5574069337659306,
      "recall": 0.571,
      "f1-score": 0.561284260958409,
      "support": 1000.0
    }
  }
}