{
  "target": "tipo_vino_rec",
  "model": "LogisticRegression",
  "n_rows": 1000,
  "accuracy": 0.56,
  "f1_macro": 0.5513086527414979,
  "classification_report": {
    "afrutado": {
      "precision": 0.5526315789473685,
      "recall": 0.525,
      "f1-score": 0.5384615384615384,
      "support": 40.0
    },
    "bajo en acidez": {
      "precision": 0.5853658536585366,
      "recall": 0.6,
      "f1-score": 0.5925925925925926,
      "support": 40.0
    },
    "dulce": {
      "precision": 0.36363636363636365,
      "recall": 0.3,
      "f1-score": 0.3287671232876712,
      "support": 40.0
    },
    "espumoso": {
      "precision": 0.7659574468085106,
      "recall": 0.9,
      "f1-score": 0.8275862068965517,
      "support": 40.0
    },
    "seco": {
      "precision": 0.4634146341463415,
      "recall": 0.475,
      "f1-score": 0.4691358024691358,
      "support": 40.0
    },
    "accuracy": 0.56,
    "macro avg": {
      "precision": 0.546201175439424,
      "recall": 0.56,
      "f1-score": 0.5513086527414979,
      "support": 200.0
    },
    "weighted avg": {
      "precision": 0.5462011754394241,
      "recall": 0.56,
      "f1-score": 0.5513086527414979,
      "support": 200.0
    }
  }
}