{
  "target": "genero_serie_rec",
  "model": "RandomForestClassifier",
  "n_rows": 1000,
  "accuracy": 0.69,
  "f1_macro": 0.6777370777370778,
  "classification_report": {
    "accion": {
      "precision": 0.5,
      "recall": 0.5,
      "f1-score": 0.5,
      "support": 40.0
    },
    "ciencia ficcion": {
      "precision": 0.5853658536585366,
      "recall": 0.6,
      "f1-score": 0.5925925925925926,
      "support": 40.0
    },
    "comedia": {
      "precision": 0.8863636363636364,
      "recall": 0.975,
      "f1-score": 0.9285714285714286,
      "support": 40.0
    },
    "drama": {
      "precision": 0.76,
      "recall": 0.95,
      "f1-score": 0.8444444444444444,
      "support": 40.0
    },
    "terror": {
      "precision": 0.68,
      "recall": 0.425,
      "f1-score": 0.5230769230769231,
      "support": 40.0
    },
    "accuracy": 0.69,
    "macro avg": {
      "precision": 0.6823458980044346,
      "recall": 0.6900000000000001,
      "f1-score": 0.6777370777370778,
      "support": 200.0
    },
    "weighted avg": {
      "precision": 0.6823458980044347,
      "recall": 0.69,
      "f1-score": 0.6777370777370778,
      "support": 200.0
    }
  }
}